,links
0,https://www.vieclamtot.com/viec-lam-nhan-vien-van-phong-sdjt31
1,https://www.vieclamtot.com/tags/viec-lam-ldpt
2,https://www.vieclamtot.com/viec-lam-dau-bep-sdjt46
3,https://www.vieclamtot.com/viec-lam-cong-viec-khac-sdjt18
4,https://www.vieclamtot.com/viec-lam-tho-moc-sdjt23
5,https://www.vieclamtot.com/viec-lam-le-tan-sdjt41
6,https://www.vieclamtot.com/tags/nhan-vien-ban-hang-online
7,https://www.vieclamtot.com/viec-lam-ke-toan-sdjt47
8,https://www.vieclamtot.com/tags/viec-lam-bat-dong-san
9,https://www.vieclamtot.com/viec-lam-tho-co-khi-sdjt48
10,https://www.vieclamtot.com/tags/sua-xe-may
11,https://www.vieclamtot.com/viec-lam-thu-ky-sdjt43
12,https://www.vieclamtot.com/tags/cong-nhan-dong-goi
13,https://www.vieclamtot.com/viec-lam-tho-cat-toc-sdjt34
14,https://www.vieclamtot.com/viec-lam-tho-dien-sdjt42
15,https://www.vieclamtot.com/tags/nhan-vien-nha-hang
16,https://www.vieclamtot.com/viec-lam-giup-viec-sdjt35
17,https://www.vieclamtot.com/tags/tho-ho